{
    "types": {
        "1": {
            "name": "\u8f6c\u53d1",
            "value": 17,
            "path": [
                "data",
                "card",
                "desc",
                "dynamic_id_str"
            ]
        },
        "2": {
            "name": "\u56fe\u7247\u52a8\u6001",
            "value": 11,
            "path": [
                "data",
                "card",
                "desc",
                "rid"
            ]
        },
        "4": {
            "name": "\u6587\u5b57\u52a8\u6001",
            "value": 17,
            "path": [
                "data",
                "card",
                "desc",
                "dynamic_id"
            ]
        },
        "8": {
            "name": "\u89c6\u9891",
            "value": 1,
            "path": [
                "data",
                "card",
                "desc",
                "rid_str"
            ]
        },
        "64": {
            "name": "\u4e13\u680f\u6587\u7ae0",
            "value": 12,
            "path": [
                "data",
                "card",
                "desc",
                "rid_str"
            ]
        }
    }
}